variant,dtype,N,bwd,fwd,B,H,D,ref_source,latency_ms,latency_p20,latency_p80,tflops,peak_mib,max_abs_err,status
naive_pt,float32,1024,15,16,1,8,64,self,0.857088029384613,0.8540288209915161,0.8599551916122437,0.0782986830981457,118.140625,0.0,ok
naive_pt_compiled,float32,1024,15,16,1,8,64,naive_pt,0.3901439905166626,0.3858431875705719,0.39423999190330505,0.1720105028687706,52.125,4.76837158203125e-07,ok
strided_pt,float32,1024,15,16,1,8,64,naive_pt,0.6512640118598938,0.6492928266525269,0.652288019657135,0.10304402328074148,91.22705078125,9.5367431640625e-07,ok
strided_pt_compiled,float32,1024,15,16,1,8,64,naive_pt,0.09716799855232239,0.09625600278377533,0.09728000313043594,0.6906477955688638,23.1953125,1.3113021850585938e-06,ok
triton_tiled,float32,1024,15,16,1,8,64,naive_pt,0.030719999223947525,0.02985600009560585,0.030719999223947525,2.1845333885192884,20.125,0.0037026405334472656,ok
triton_strided,float32,1024,15,16,1,8,64,naive_pt,0.052319999784231186,0.05222399905323982,0.053247999399900436,1.2826617789900308,20.125,1.5497207641601562e-06,ok
flex,float32,1024,15,16,1,8,64,naive_pt,0.3164159953594208,0.31539198756217957,0.317440003156662,0.21209061799726728,20.19140625,1.0728836059570312e-06,ok
flex_tf32,float32,1024,15,16,1,8,64,naive_pt,0.04505600035190582,0.044198401272296906,0.04505600035190582,1.4894545338212952,20.19140625,0.0037026405334472656,ok
naive_pt,float16,1024,15,16,1,8,64,self,0.43110400438308716,0.43007999658584595,0.43212801218032837,0.15566745684961392,71.14453125,0.00189894437789917,ok
naive_pt_compiled,float16,1024,15,16,1,8,64,naive_pt,0.16793599724769592,0.16793599724769592,0.16896000504493713,0.3996097626467677,37.12890625,0.00189894437789917,ok
strided_pt,float16,1024,15,16,1,8,64,naive_pt,0.43929600715637207,0.43724799156188965,0.4403199851512909,0.15276456627595045,56.71533203125,0.002100706100463867,ok
strided_pt_compiled,float16,1024,15,16,1,8,64,naive_pt,0.11366400122642517,0.11366400122642517,0.11468800157308578,0.5904144080438917,22.6953125,0.0017800331115722656,ok
triton_tiled,float16,1024,15,16,1,8,64,naive_pt,0.01740800030529499,0.01740800030529499,0.01740800030529499,3.8550587559208336,21.12890625,0.0014033317565917969,ok
triton_strided,float16,1024,15,16,1,8,64,naive_pt,0.03379200026392937,0.033663999289274216,0.03379200026392937,1.9859393784283939,21.12890625,0.0014033317565917969,ok
flex,float16,1024,15,16,1,8,64,naive_pt,0.025599999353289604,0.02457600086927414,0.025599999353289604,2.621440066223146,21.19140625,0.0014033317565917969,ok
naive_pt,float32,1024,31,32,1,8,64,self,0.8611840009689331,0.8591359853744507,0.8652799725532532,0.1558525563050281,118.14453125,0.0,ok
naive_pt_compiled,float32,1024,31,32,1,8,64,naive_pt,0.38951998949050903,0.38604798913002014,0.39321601390838623,0.3445721185594515,52.12890625,2.980232238769531e-07,ok
strided_pt,float32,1024,31,32,1,8,64,naive_pt,1.2318719625473022,1.2288000583648682,1.2335103750228882,0.10895428427680137,158.32470703125,1.6689300537109375e-06,ok
strided_pt_compiled,float32,1024,31,32,1,8,64,naive_pt,0.1955839991569519,0.19046400487422943,0.20563840866088867,0.6862408406543175,24.20703125,1.3113021850585938e-06,ok
triton_tiled,float32,1024,31,32,1,8,64,naive_pt,0.030719999223947525,0.030719999223947525,0.03174399957060814,4.369066777038577,20.12890625,0.0048580169677734375,ok
triton_strided,float32,1024,31,32,1,8,64,naive_pt,0.08601599931716919,0.08499199897050858,0.0870399996638298,1.560380964767906,20.12890625,1.0728836059570312e-06,ok
flex,float32,1024,31,32,1,8,64,naive_pt,0.3184640109539032,0.317440003156662,0.3204736113548279,0.42145336170945746,20.1953125,6.556510925292969e-07,ok
flex_tf32,float32,1024,31,32,1,8,64,naive_pt,0.04505600035190582,0.04505600035190582,0.04505600035190582,2.9789090676425904,20.1953125,0.004857778549194336,ok
naive_pt,float16,1024,31,32,1,8,64,self,0.43007999658584595,0.42905598878860474,0.43110400438308716,0.3120761929535812,71.1484375,0.0019431114196777344,ok
naive_pt_compiled,float16,1024,31,32,1,8,64,naive_pt,0.16896000504493713,0.16793599724769592,0.16896000504493713,0.7943757338566783,37.1328125,0.0019431114196777344,ok
strided_pt,float16,1024,31,32,1,8,64,naive_pt,0.851967990398407,0.8458240032196045,0.8529919981956482,0.15753846331390406,92.15673828125,0.0019431114196777344,ok
strided_pt_compiled,float16,1024,31,32,1,8,64,naive_pt,0.21299199759960175,0.21299199759960175,0.2181120067834854,0.6301538532556162,24.0703125,0.0019431114196777344,ok
triton_tiled,float16,1024,31,32,1,8,64,naive_pt,0.01740800030529499,0.01740800030529499,0.01740800030529499,7.710117511841667,21.1328125,0.0010128021240234375,ok
triton_strided,float16,1024,31,32,1,8,64,naive_pt,0.055296000093221664,0.055296000093221664,0.05632000043988228,2.4272592551672245,21.1328125,0.0010128021240234375,ok
flex,float16,1024,31,32,1,8,64,naive_pt,0.025599999353289604,0.02473600022494793,0.025599999353289604,5.242880132446292,21.1953125,0.0010128021240234375,ok
naive_pt,float32,1024,63,64,1,8,64,self,0.8601599931716919,0.8584959506988525,0.8642560243606567,0.3120761929535812,118.1484375,0.0,ok
naive_pt_compiled,float32,1024,63,64,1,8,64,naive_pt,0.39164799451828003,0.38809600472450256,0.3954688012599945,0.6853997971575746,52.1328125,2.384185791015625e-07,ok
strided_pt,float32,1024,63,64,1,8,64,naive_pt,2.386944055557251,2.3365631103515625,2.3940353393554688,0.11245988584233141,292.5166015625,1.3113021850585938e-06,ok
strided_pt_compiled,float32,1024,63,64,1,8,64,naive_pt,0.2519040107727051,0.24473600089550018,0.26521599292755127,1.0656259706885387,26.2265625,1.1920928955078125e-06,ok
triton_tiled,float32,1024,63,64,1,8,64,naive_pt,0.03788800165057182,0.03686400130391121,0.03788800165057182,7.084972664319673,20.1328125,0.003195643424987793,ok
triton_strided,float32,1024,63,64,1,8,64,naive_pt,0.14950400590896606,0.14950400590896606,0.15052799880504608,1.7955067783498193,20.1328125,1.0728836059570312e-06,ok
flex,float32,1024,63,64,1,8,64,naive_pt,0.317440003156662,0.3164159953594208,0.3184640109539032,0.8456257980426071,20.19921875,1.1920928955078125e-06,ok
flex_tf32,float32,1024,63,64,1,8,64,naive_pt,0.04505600035190582,0.04505600035190582,0.04608000069856644,5.957818135285181,20.19921875,0.003196120262145996,ok
naive_pt,float16,1024,63,64,1,8,64,self,0.43110400438308716,0.43007999658584595,0.43212801218032837,0.6226698273984557,71.15234375,0.0022603273391723633,ok
naive_pt_compiled,float16,1024,63,64,1,8,64,naive_pt,0.16793599724769592,0.16784000396728516,0.16896000504493713,1.5984390505870707,37.13671875,0.0022603273391723633,ok
strided_pt,float16,1024,63,64,1,8,64,naive_pt,1.6957440376281738,1.6814080476760864,1.7121280431747437,0.15829951339558235,159.3017578125,0.001524209976196289,ok
strided_pt_compiled,float16,1024,63,64,1,8,64,naive_pt,0.19148799777030945,0.18534399569034576,0.2027519941329956,1.401839588515565,25.07421875,0.001385331153869629,ok
triton_tiled,float16,1024,63,64,1,8,64,naive_pt,0.01945599913597107,0.01945599913597107,0.020320000126957893,13.797053244297551,21.13671875,0.0008549690246582031,ok
triton_strided,float16,1024,63,64,1,8,64,naive_pt,0.10035199671983719,0.1001984030008316,0.10035199671983719,2.674938862944784,21.13671875,0.0008549690246582031,ok
flex,float16,1024,63,64,1,8,64,naive_pt,0.025599999353289604,0.025599999353289604,0.025599999353289604,10.485760264892583,21.19921875,0.0008549690246582031,ok
naive_pt,float32,1024,127,128,1,8,64,self,0.8632320165634155,0.8611840009689331,0.8673279881477356,0.6219311861686028,118.15234375,0.0,ok
naive_pt_compiled,float32,1024,127,128,1,8,64,naive_pt,0.39321601390838623,0.3901439905166626,0.39837437868118286,1.3653332850403275,52.13671875,2.384185791015625e-07,ok
strided_pt,float32,1024,127,128,1,8,64,naive_pt,4.807680130004883,4.8031744956970215,4.809728145599365,0.11166943255009247,560.896484375,8.940696716308594e-07,ok
strided_pt_compiled,float32,1024,127,128,1,8,64,naive_pt,0.6328319907188416,0.6256639957427979,0.647167980670929,0.8483624719890691,30.26171875,9.5367431640625e-07,ok
triton_tiled,float32,1024,127,128,1,8,64,naive_pt,0.048128001391887665,0.048128001391887665,0.048128001391887665,11.155063507176793,20.13671875,0.0022393465042114258,ok
triton_strided,float32,1024,127,128,1,8,64,naive_pt,0.28467199206352234,0.2836480140686035,0.2877439856529236,1.8859281101324554,20.13671875,1.0132789611816406e-06,ok
flex,float32,1024,127,128,1,8,64,naive_pt,0.3614720106124878,0.3366912007331848,0.38133761286735535,1.485235083873608,20.203125,6.556510925292969e-07,ok
flex_tf32,float32,1024,127,128,1,8,64,naive_pt,0.04403200000524521,0.04403200000524521,0.044121600687503815,12.19274418459408,20.203125,0.002234816551208496,ok
naive_pt,float16,1024,127,128,1,8,64,self,0.43110400438308716,0.4291839897632599,0.43212801218032837,1.2453396547969113,71.15625,0.0010279417037963867,ok
naive_pt_compiled,float16,1024,127,128,1,8,64,naive_pt,0.16896000504493713,0.16793599724769592,0.16896000504493713,3.177502935426713,37.140625,0.0010279417037963867,ok
strided_pt,float16,1024,127,128,1,8,64,naive_pt,3.432447910308838,3.4023423194885254,3.4652159214019775,0.156410505280383,293.587890625,0.0012570619583129883,ok
strided_pt_compiled,float16,1024,127,128,1,8,64,naive_pt,0.37171199917793274,0.35839998722076416,0.3993600010871887,1.4443195624228644,27.078125,0.0012111663818359375,ok
triton_tiled,float16,1024,127,128,1,8,64,naive_pt,0.023552000522613525,0.023552000522613525,0.02457600086927414,22.79512992896386,21.140625,0.0005273818969726562,ok
triton_strided,float16,1024,127,128,1,8,64,naive_pt,0.18943999707698822,0.18857599794864655,0.18943999707698822,2.8339892329169336,21.140625,0.0005273818969726562,ok
flex,float16,1024,127,128,1,8,64,naive_pt,0.025599999353289604,0.02457600086927414,0.025599999353289604,20.971520529785167,21.203125,0.0005273818969726562,ok
naive_pt,float32,1024,255,256,1,8,64,self,0.8668479919433594,0.8632320165634155,0.8722432255744934,1.2386737167064457,118.15625,0.0,ok
naive_pt_compiled,float32,1024,255,256,1,8,64,naive_pt,0.3983359932899475,0.3911679983139038,0.4034560024738312,2.6955681688007207,52.140625,1.6391277313232422e-07,ok
strided_pt,float32,1024,255,256,1,8,64,naive_pt,9.590784072875977,9.569075584411621,9.622733116149902,0.11195558317663368,1097.65234375,6.556510925292969e-07,ok
strided_pt_compiled,float32,1024,255,256,1,8,64,naive_pt,1.3178880214691162,1.3156352043151855,1.3352960348129272,0.8147443534717356,38.328125,8.344650268554688e-07,ok
triton_tiled,float32,1024,255,256,1,8,64,naive_pt,0.07065600156784058,0.06963200122117996,0.07065600156784058,15.196753285975904,20.140625,0.001413106918334961,ok
triton_strided,float32,1024,255,256,1,8,64,naive_pt,0.5683199763298035,0.5631999969482422,0.5734400153160095,1.8893262048154607,20.140625,6.854534149169922e-07,ok
flex,float32,1024,255,256,1,8,64,naive_pt,0.40294399857521057,0.3891200125217438,0.41174399852752686,2.664742067872201,20.20703125,6.258487701416016e-07,ok
flex_tf32,float32,1024,255,256,1,8,64,naive_pt,0.05939200147986412,0.05939200147986412,0.060416001826524734,18.078896101254216,20.20703125,0.001555711030960083,ok
naive_pt,float16,1024,255,256,1,8,64,self,0.43212801218032837,0.4308224022388458,0.4331519901752472,2.4847771811467854,71.16015625,0.0008822381496429443,ok
naive_pt_compiled,float16,1024,255,256,1,8,64,naive_pt,0.16896000504493713,0.16793599724769592,0.16896000504493713,6.355005870853426,37.14453125,0.0008822381496429443,ok
strided_pt,float16,1024,255,256,1,8,64,naive_pt,6.953983783721924,6.889472007751465,7.017881393432617,0.1544067195718006,562.15625,0.0008822381496429443,ok
strided_pt_compiled,float16,1024,255,256,1,8,64,naive_pt,0.8499199748039246,0.8357887864112854,0.8554496169090271,1.263344615765397,31.08203125,0.0008822381496429443,ok
triton_tiled,float16,1024,255,256,1,8,64,naive_pt,0.030719999223947525,0.030719999223947525,0.03173759952187538,34.952534216308614,21.14453125,0.0004367530345916748,ok
triton_strided,float16,1024,255,256,1,8,64,naive_pt,0.37273600697517395,0.37003520131111145,0.3768320083618164,2.8807032427954202,21.14453125,0.0004367530345916748,ok
flex,float16,1024,255,256,1,8,64,naive_pt,0.03276799991726875,0.03174399957060814,0.03276799991726875,32.76800008273125,21.20703125,0.0004367530345916748,ok
naive_pt,float32,2048,15,16,1,8,64,self,3.3704957962036133,3.3648641109466553,3.3771519660949707,0.03982136045123607,424.17578125,0.0,ok
naive_pt_compiled,float32,2048,15,16,1,8,64,naive_pt,1.5795199871063232,1.5675392150878906,1.5904767513275146,0.08497374461584785,160.14453125,4.76837158203125e-07,ok
strided_pt,float32,2048,15,16,1,8,64,naive_pt,1.274880051612854,1.2738560438156128,1.2769279479980469,0.10527871059728387,174.31689453125,1.1920928955078125e-06,ok
strided_pt_compiled,float32,2048,15,16,1,8,64,naive_pt,0.19206400215625763,0.19046400487422943,0.19353599846363068,0.6988177195787287,38.27734375,1.1920928955078125e-06,ok
triton_tiled,float32,2048,15,16,1,8,64,naive_pt,0.04915200173854828,0.04915200173854828,0.050175998359918594,2.730666570080655,32.14453125,0.0039861202239990234,ok
triton_strided,float32,2048,15,16,1,8,64,naive_pt,0.1085439994931221,0.10751999914646149,0.10956799983978271,1.2365283076611222,32.14453125,1.430511474609375e-06,ok
flex,float32,2048,15,16,1,8,64,naive_pt,0.6604800224304199,0.658022403717041,0.6618751883506775,0.2032123961995225,32.275390625,8.344650268554688e-07,ok
flex_tf32,float32,2048,15,16,1,8,64,naive_pt,0.08191999793052673,0.08191999793052673,0.08214399963617325,1.6384000413894664,32.275390625,0.003986358642578125,ok
naive_pt,float16,2048,15,16,1,8,64,self,1.660431981086731,1.644544005393982,1.6629760265350342,0.08083301787054009,234.181640625,0.0025217533111572266,ok
naive_pt_compiled,float16,2048,15,16,1,8,64,naive_pt,0.6399999856948853,0.6381568312644958,0.6461439728736877,0.20971520468750013,98.150390625,0.0025217533111572266,ok
strided_pt,float16,2048,15,16,1,8,64,naive_pt,0.8908799886703491,0.8827648162841797,0.9017344117164612,0.15065747318033468,105.30712890625,0.0027402639389038086,ok
strided_pt_compiled,float16,2048,15,16,1,8,64,naive_pt,0.21503999829292297,0.21399040520191193,0.2181120067834854,0.6241523859071624,37.279296875,0.002175569534301758,ok
triton_tiled,float16,2048,15,16,1,8,64,naive_pt,0.026623999699950218,0.026623999699950218,0.027648000046610832,5.04123082604493,34.150390625,0.0014594793319702148,ok
triton_strided,float16,2048,15,16,1,8,64,naive_pt,0.05427199974656105,0.053247999399900436,0.05427199974656105,2.4730566153222444,34.150390625,0.0013190507888793945,ok
flex,float16,2048,15,16,1,8,64,naive_pt,0.043007999658584595,0.04198399931192398,0.043007999658584595,3.120761929535812,34.275390625,0.0014594793319702148,ok
naive_pt,float32,2048,31,32,1,8,64,self,3.374095916748047,3.368959903717041,3.379199981689453,0.0795577430586852,424.181640625,0.0,ok
naive_pt_compiled,float32,2048,31,32,1,8,64,naive_pt,1.5795199871063232,1.5675392150878906,1.5882240533828735,0.1699474892316957,160.150390625,3.5762786865234375e-07,ok
strided_pt,float32,2048,31,32,1,8,64,naive_pt,2.4596478939056396,2.4576001167297363,2.461695909500122,0.10913572494059512,308.47900390625,9.238719940185547e-07,ok
strided_pt_compiled,float32,2048,31,32,1,8,64,naive_pt,0.4116480052471161,0.4044800102710724,0.4331519901752472,0.6520994941755048,40.291015625,9.834766387939453e-07,ok
triton_tiled,float32,2048,31,32,1,8,64,naive_pt,0.04915200173854828,0.04915200173854828,0.04931199923157692,5.46133314016131,32.150390625,0.003498554229736328,ok
triton_strided,float32,2048,31,32,1,8,64,naive_pt,0.17817600071430206,0.17715199291706085,0.1802240014076233,1.5065747066038666,32.150390625,1.3113021850585938e-06,ok
flex,float32,2048,31,32,1,8,64,naive_pt,0.6615039706230164,0.6594560146331787,0.6635519862174988,0.40579568365581037,32.28125,1.0728836059570312e-06,ok
flex_tf32,float32,2048,31,32,1,8,64,naive_pt,0.08191999793052673,0.08191999793052673,0.08294399827718735,3.2768000827789328,32.28125,0.003498554229736328,ok
naive_pt,float16,2048,31,32,1,8,64,self,1.6686079502105713,1.6650240421295166,1.6711679697036743,0.16087389249591227,234.1875,0.0020560026168823242,ok
naive_pt_compiled,float16,2048,31,32,1,8,64,naive_pt,0.6400319933891296,0.638975977897644,0.6420480012893677,0.4194094338605904,98.15625,0.0020560026168823242,ok
strided_pt,float16,2048,31,32,1,8,64,naive_pt,1.756160020828247,1.7418240308761597,1.7582080364227295,0.15285364250200809,172.45361328125,0.0023370981216430664,ok
strided_pt_compiled,float16,2048,31,32,1,8,64,naive_pt,0.41471999883651733,0.4106239974498749,0.4291968047618866,0.6472691376183605,38.2890625,0.0020560026168823242,ok
triton_tiled,float16,2048,31,32,1,8,64,naive_pt,0.027648000046610832,0.026623999699950218,0.027648000046610832,9.709037020668898,34.15625,0.0010794401168823242,ok
triton_strided,float16,2048,31,32,1,8,64,naive_pt,0.09113600105047226,0.09011200070381165,0.09145600348711014,2.945438168296819,34.15625,0.0010794401168823242,ok
flex,float16,2048,31,32,1,8,64,naive_pt,0.043007999658584595,0.04198399931192398,0.043007999658584595,6.241523859071624,34.28125,0.0010794401168823242,ok
naive_pt,float32,2048,63,64,1,8,64,self,3.3797121047973633,3.374079942703247,3.3863680362701416,0.15885107824359762,424.1875,0.0,ok
naive_pt_compiled,float32,2048,63,64,1,8,64,naive_pt,1.5872000455856323,1.5685375928878784,1.6015360355377197,0.3382503128658301,160.15625,2.980232238769531e-07,ok
strided_pt,float32,2048,63,64,1,8,64,naive_pt,4.876287937164307,4.869529724121094,4.8922624588012695,0.11009827945316226,576.7978515625,1.0728836059570312e-06,ok
strided_pt_compiled,float32,2048,63,64,1,8,64,naive_pt,0.6133760213851929,0.6010879874229431,0.6451200246810913,0.8752720896842028,44.3125,1.0132789611816406e-06,ok
triton_tiled,float32,2048,63,64,1,8,64,naive_pt,0.060416001826524734,0.05939200147986412,0.06108799949288368,8.886237019482724,32.15625,0.0026625394821166992,ok
triton_strided,float32,2048,63,64,1,8,64,naive_pt,0.3092480003833771,0.3051519989967346,0.31436800956726074,1.7360529779802525,32.15625,1.3113021850585938e-06,ok
flex,float32,2048,63,64,1,8,64,naive_pt,0.6604800224304199,0.6584320068359375,0.6615039706230164,0.81284958479809,32.287109375,7.748603820800781e-07,ok
flex_tf32,float32,2048,63,64,1,8,64,naive_pt,0.08191999793052673,0.08191999793052673,0.08294399827718735,6.5536001655578655,32.287109375,0.0026628971099853516,ok
naive_pt,float16,2048,63,64,1,8,64,self,1.6696319580078125,1.6640000343322754,1.6721919775009155,0.32155045273605615,234.193359375,0.0019176602363586426,ok
naive_pt_compiled,float16,2048,63,64,1,8,64,naive_pt,0.6410239934921265,0.638975977897644,0.645529568195343,0.8375207752759324,98.162109375,0.0019176602363586426,ok
strided_pt,float16,2048,63,64,1,8,64,naive_pt,3.5133440494537354,3.512320041656494,3.5153920650482178,0.1528090914077926,306.7412109375,0.0024059414863586426,ok
strided_pt_compiled,float16,2048,63,64,1,8,64,naive_pt,0.392192006111145,0.38809600472450256,0.4136959910392761,1.3688981509935565,40.302734375,0.0019176602363586426,ok
triton_tiled,float16,2048,63,64,1,8,64,naive_pt,0.03174399957060814,0.030719999223947525,0.03174399957060814,16.91251635780295,34.162109375,0.001165926456451416,ok
triton_strided,float16,2048,63,64,1,8,64,naive_pt,0.1658879965543747,0.16486400365829468,0.16793599724769592,3.236345746233813,34.162109375,0.001165926456451416,ok
flex,float16,2048,63,64,1,8,64,naive_pt,0.043007999658584595,0.043007999658584595,0.043007999658584595,12.483047718143249,34.287109375,0.001165926456451416,ok
naive_pt,float32,2048,127,128,1,8,64,self,3.3817601203918457,3.3751039505004883,3.3894400596618652,0.31750975402583703,424.193359375,0.0,ok
naive_pt_compiled,float32,2048,127,128,1,8,64,naive_pt,1.598464012145996,1.581875205039978,1.608908772468567,0.6717334990598022,160.162109375,2.980232238769531e-07,ok
strided_pt,float32,2048,127,128,1,8,64,naive_pt,9.7259521484375,9.723494529724121,9.736191749572754,0.11039966140204582,1113.4296875,7.748603820800781e-07,ok
strided_pt_compiled,float32,2048,127,128,1,8,64,naive_pt,1.363968014717102,1.3381632566452026,1.3785088062286377,0.787219210725189,52.349609375,7.748603820800781e-07,ok
triton_tiled,float32,2048,127,128,1,8,64,naive_pt,0.08396799862384796,0.08396799862384796,0.08499199897050858,12.787512404696566,32.162109375,0.002692580223083496,ok
triton_strided,float32,2048,127,128,1,8,64,naive_pt,0.591871976852417,0.5818368196487427,0.6000639796257019,1.8141453996693224,32.162109375,1.1622905731201172e-06,ok
flex,float32,2048,127,128,1,8,64,naive_pt,0.8238080143928528,0.8036351799964905,0.8488960266113281,1.3033884172531978,32.29296875,6.854534149169922e-07,ok
flex_tf32,float32,2048,127,128,1,8,64,naive_pt,0.0798719972372055,0.0798719972372055,0.08089599758386612,13.4432825162889,32.29296875,0.0027130842208862305,ok
naive_pt,float16,2048,127,128,1,8,64,self,1.6665600538253784,1.6629760265350342,1.669119954109192,0.644286307916334,234.19921875,0.0010572075843811035,ok
naive_pt_compiled,float16,2048,127,128,1,8,64,naive_pt,0.6410239934921265,0.6399999856948853,0.6420480012893677,1.6750415505518648,98.16796875,0.0010572075843811035,ok
strided_pt,float16,2048,127,128,1,8,64,naive_pt,6.958079814910889,6.95664644241333,7.038156986236572,0.1543158245611115,575.310546875,0.0012032389640808105,ok
strided_pt_compiled,float16,2048,127,128,1,8,64,naive_pt,0.7618560194969177,0.7464960217475891,0.8069120049476624,1.40937630801819,44.32421875,0.0011425614356994629,ok
triton_tiled,float16,2048,127,128,1,8,64,naive_pt,0.03993599861860275,0.03993599861860275,0.04095999896526337,26.8865650325778,34.16796875,0.0007318854331970215,ok
triton_strided,float16,2048,127,128,1,8,64,naive_pt,0.3112959861755371,0.3051519989967346,0.31539198756217957,3.4492633110743878,34.16796875,0.0007318854331970215,ok
flex,float16,2048,127,128,1,8,64,naive_pt,0.043007999658584595,0.04198399931192398,0.043007999658584595,24.966095436286498,34.29296875,0.0007318854331970215,ok
naive_pt,float32,2048,255,256,1,8,64,self,3.377664089202881,3.3648641109466553,3.3822720050811768,0.6357895845429674,424.19921875,0.0,ok
naive_pt_compiled,float32,2048,255,256,1,8,64,naive_pt,1.5872000455856323,1.5788031816482544,1.5974400043487549,1.3530012514633205,160.16796875,1.4901161193847656e-07,ok
strided_pt,float32,2048,255,256,1,8,64,naive_pt,19.21023941040039,19.18320655822754,19.263896942138672,0.111788489571731,2186.6875,6.854534149169922e-07,ok
strided_pt_compiled,float32,2048,255,256,1,8,64,naive_pt,2.7412478923797607,2.736128091812134,2.7750399112701416,0.7833963699414663,68.41796875,6.258487701416016e-07,ok
triton_tiled,float32,2048,255,256,1,8,64,naive_pt,0.12697599828243256,0.12595200538635254,0.12697599828243256,16.91251635780295,32.16796875,0.0024367570877075195,ok
triton_strided,float32,2048,255,256,1,8,64,naive_pt,1.168895959854126,1.1574528217315674,1.1867135763168335,1.8371897258229881,32.16796875,7.152557373046875e-07,ok
flex,float32,2048,255,256,1,8,64,naive_pt,0.8683519959449768,0.851967990398407,0.8910847902297974,2.4730566153222444,32.298828125,8.940696716308594e-07,ok
flex_tf32,float32,2048,255,256,1,8,64,naive_pt,0.11059200018644333,0.11059200018644333,0.11161600053310394,19.418074041337796,32.298828125,0.002424001693725586,ok
naive_pt,float16,2048,255,256,1,8,64,self,1.667072057723999,1.6640000343322754,1.669119954109192,1.28817685957252,234.205078125,0.0013360977172851562,ok
naive_pt_compiled,float16,2048,255,256,1,8,64,naive_pt,0.6420480012893677,0.638975977897644,0.6451200246810913,3.344740025180984,98.173828125,0.0013360977172851562,ok
strided_pt,float16,2048,255,256,1,8,64,naive_pt,13.966336250305176,13.837516784667969,14.067097663879395,0.153761416703187,1112.443359375,0.0012033581733703613,ok
strided_pt_compiled,float16,2048,255,256,1,8,64,naive_pt,1.7408000230789185,1.7383424043655396,1.7571840286254883,1.2336188071745244,52.361328125,0.0012033581733703613,ok
triton_tiled,float16,2048,255,256,1,8,64,naive_pt,0.05632000043988228,0.05632000043988228,0.05734400078654289,38.13003606582516,34.173828125,0.0004991590976715088,ok
triton_strided,float16,2048,255,256,1,8,64,naive_pt,0.6225919723510742,0.6164479851722717,0.6297600269317627,3.4492633110743878,34.173828125,0.0006123185157775879,ok
flex,float16,2048,255,256,1,8,64,naive_pt,0.055296000093221664,0.05451520159840584,0.055296000093221664,38.83614808267559,34.298828125,0.0007025599479675293,ok
naive_pt,float32,4096,15,16,1,8,64,self,13.293408393859863,13.247078895568848,13.307699203491211,0.02019312489669606,1624.236328125,0.0,ok
naive_pt_compiled,float32,4096,15,16,1,8,64,naive_pt,6.28326416015625,6.275660514831543,6.288383960723877,0.04272229356553499,568.173828125,4.76837158203125e-07,ok
strided_pt,float32,4096,15,16,1,8,64,naive_pt,2.521087884902954,2.5180160999298096,2.5231359004974365,0.10647604060432549,340.48681640625,1.3113021850585938e-06,ok
strided_pt_compiled,float32,4096,15,16,1,8,64,naive_pt,0.40857601165771484,0.40140798687934875,0.4187391996383667,0.6570024875197084,68.431640625,1.5497207641601562e-06,ok
triton_tiled,float32,4096,15,16,1,8,64,naive_pt,0.08601599931716919,0.08499199897050858,0.0870399996638298,3.120761929535812,56.173828125,0.003477811813354492,ok
triton_strided,float32,4096,15,16,1,8,64,naive_pt,0.17203199863433838,0.17098240554332733,0.1740799993276596,1.560380964767906,56.173828125,1.3113021850585938e-06,ok
flex,float32,4096,15,16,1,8,64,naive_pt,1.3834240436553955,1.3785088062286377,1.388543963432312,0.19403700349946065,56.44140625,8.344650268554688e-07,ok
flex_tf32,float32,4096,15,16,1,8,64,naive_pt,0.1504960060119629,0.14950400590896606,0.15052799880504608,1.7836716276620799,56.44140625,0.003477931022644043,ok
naive_pt,float16,4096,15,16,1,8,64,self,7.071743965148926,7.067033767700195,7.073791980743408,0.0379588765264845,860.25390625,0.0023893117904663086,ok
naive_pt_compiled,float16,4096,15,16,1,8,64,naive_pt,2.386944055557251,2.3848960399627686,2.4053759574890137,0.11245988584233141,316.19140625,0.0023893117904663086,ok
strided_pt,float16,4096,15,16,1,8,64,naive_pt,1.7863680124282837,1.7838079929351807,1.7909760475158691,0.15026884389577969,202.49267578125,0.002553224563598633,ok
strided_pt_compiled,float16,4096,15,16,1,8,64,naive_pt,0.43827199935913086,0.43724799156188965,0.43929600715637207,0.6124859822040271,66.4453125,0.0021800994873046875,ok
triton_tiled,float16,4096,15,16,1,8,64,naive_pt,0.04505600035190582,0.04403200000524521,0.04505600035190582,5.957818135285181,60.19140625,0.0017261505126953125,ok
triton_strided,float16,4096,15,16,1,8,64,naive_pt,0.09216000139713287,0.09216000139713287,0.09318400174379349,2.9127110669548135,60.19140625,0.0017261505126953125,ok
flex,float16,4096,15,16,1,8,64,naive_pt,0.06860800087451935,0.06860800087451935,0.06963200122117996,3.9125969650530297,60.44140625,0.0017261505126953125,ok
naive_pt,float32,4096,31,32,1,8,64,self,13.215744018554688,13.213081359863281,13.253222465515137,0.04062358587199041,1624.25390625,0.0,ok
naive_pt_compiled,float32,4096,31,32,1,8,64,naive_pt,6.279168128967285,6.274867057800293,6.286950588226318,0.08550032440177667,568.19140625,3.5762786865234375e-07,ok
strided_pt,float32,4096,31,32,1,8,64,naive_pt,4.952064037322998,4.92728328704834,4.956543922424316,0.10841356411259644,608.78564453125,1.3113021850585938e-06,ok
strided_pt_compiled,float32,4096,31,32,1,8,64,naive_pt,0.869376003742218,0.8560640215873718,0.8755199909210205,0.6175359219590211,72.45703125,1.3113021850585938e-06,ok
triton_tiled,float32,4096,31,32,1,8,64,naive_pt,0.08601599931716919,0.08499199897050858,0.08601599931716919,6.241523859071624,56.19140625,0.0030823945999145508,ok
triton_strided,float32,4096,31,32,1,8,64,naive_pt,0.3041279911994934,0.29900801181793213,0.3160063922405243,1.7652795123610914,56.19140625,1.2516975402832031e-06,ok
flex,float32,4096,31,32,1,8,64,naive_pt,1.3864959478378296,1.3803520202636719,1.3914111852645874,0.38721419477440455,56.458984375,9.5367431640625e-07,ok
flex_tf32,float32,4096,31,32,1,8,64,naive_pt,0.15052799880504608,0.15052799880504608,0.1515520066022873,3.566585062326642,56.458984375,0.0030825138092041016,ok
naive_pt,float16,4096,31,32,1,8,64,self,7.090176105499268,7.0748162269592285,7.098368167877197,0.07572039170981851,860.271484375,0.0024400949478149414,ok
naive_pt_compiled,float16,4096,31,32,1,8,64,naive_pt,2.387968063354492,2.385868787765503,2.3943169116973877,0.2248233216510576,316.208984375,0.0024400949478149414,ok
strided_pt,float16,4096,31,32,1,8,64,naive_pt,3.5543038845062256,3.552051305770874,3.58522891998291,0.15104811784392028,336.77197265625,0.002974867820739746,ok
strided_pt_compiled,float16,4096,31,32,1,8,64,naive_pt,0.8652799725532532,0.857088029384613,0.881663978099823,0.6204591912786455,68.466796875,0.001998305320739746,ok
triton_tiled,float16,4096,31,32,1,8,64,naive_pt,0.04505600035190582,0.04505600035190582,0.04608000069856644,11.915636270570362,60.208984375,0.0012273788452148438,ok
triton_strided,float16,4096,31,32,1,8,64,naive_pt,0.16281600296497345,0.16179199516773224,0.16383999586105347,3.2974087449837275,60.208984375,0.0012273788452148438,ok
flex,float16,4096,31,32,1,8,64,naive_pt,0.06963200122117996,0.06963200122117996,0.07065600156784058,7.710117511841667,60.458984375,0.0012273788452148438,ok
naive_pt,float32,4096,63,64,1,8,64,self,13.2741117477417,13.251789093017578,13.315481185913086,0.0808899189945929,1624.271484375,0.0,ok
naive_pt_compiled,float32,4096,63,64,1,8,64,naive_pt,6.28326416015625,6.276710510253906,6.290431976318359,0.17088917426213995,568.208984375,2.980232238769531e-07,ok
strided_pt,float32,4096,63,64,1,8,64,naive_pt,9.719807624816895,9.711615562438965,9.723289489746094,0.11046945222027763,1145.3662109375,2.2649765014648438e-06,ok
strided_pt_compiled,float32,4096,63,64,1,8,64,naive_pt,1.1386879682540894,1.1089919805526733,1.1640832424163818,0.9429640550662277,80.490234375,1.9073486328125e-06,ok
triton_tiled,float32,4096,63,64,1,8,64,naive_pt,0.09625600278377533,0.09623680263757706,0.09728000313043594,11.155063507176793,56.208984375,0.0029692649841308594,ok
triton_strided,float32,4096,63,64,1,8,64,naive_pt,0.5877760052680969,0.567296028137207,0.5959680080413818,1.8267874400729303,56.208984375,2.5033950805664062e-06,ok
flex,float32,4096,63,64,1,8,64,naive_pt,1.3864959478378296,1.381376028060913,1.3926399946212769,0.7744283895488091,56.4765625,8.344650268554688e-07,ok
flex_tf32,float32,4096,63,64,1,8,64,naive_pt,0.15052799880504608,0.15052799880504608,0.1515520066022873,7.133170124653284,56.4765625,0.0029692649841308594,ok
naive_pt,float16,4096,63,64,1,8,64,self,7.094272136688232,7.088537693023682,7.11331844329834,0.1513533458136055,860.2890625,0.0018213987350463867,ok
naive_pt_compiled,float16,4096,63,64,1,8,64,naive_pt,2.386944055557251,2.3848960399627686,2.387968063354492,0.44983954336932563,316.2265625,0.0018213987350463867,ok
strided_pt,float16,4096,63,64,1,8,64,naive_pt,7.064064025878906,7.062528133392334,7.133593559265137,0.15200057927934843,605.3212890625,0.002890944480895996,ok
strided_pt_compiled,float16,4096,63,64,1,8,64,naive_pt,0.8232960104942322,0.815449595451355,0.8355455994606018,1.3041989883510097,72.4921875,0.0018213987350463867,ok
triton_tiled,float16,4096,63,64,1,8,64,naive_pt,0.048128001391887665,0.048128001391887665,0.04915200173854828,22.310127014353586,60.2265625,0.0010366439819335938,ok
triton_strided,float16,4096,63,64,1,8,64,naive_pt,0.32153600454330444,0.3184640109539032,0.32701441645622253,3.3394139655529265,60.2265625,0.0010366439819335938,ok
flex,float16,4096,63,64,1,8,64,naive_pt,0.07065600156784058,0.06963200122117996,0.07065600156784058,15.196753285975904,60.4765625,0.0010366439819335938,ok
naive_pt,float32,4096,127,128,1,8,64,self,13.280256271362305,13.256499290466309,13.357874870300293,0.16170498551529144,1624.2890625,0.0,ok
naive_pt_compiled,float32,4096,127,128,1,8,64,naive_pt,6.284287929534912,6.278143882751465,6.290637016296387,0.3417226696293228,568.2265625,2.384185791015625e-07,ok
strided_pt,float32,4096,127,128,1,8,64,naive_pt,19.393535614013672,19.38411521911621,19.397632598876953,0.11073193102799878,2218.509765625,1.3113021850585938e-06,ok
strided_pt_compiled,float32,4096,127,128,1,8,64,naive_pt,2.7535359859466553,2.743295907974243,2.7586560249328613,0.7799003386773256,96.5390625,1.0728836059570312e-06,ok
triton_tiled,float32,4096,127,128,1,8,64,naive_pt,0.1443839967250824,0.14336000382900238,0.1454080045223236,14.873418777075168,56.2265625,0.0027403831481933594,ok
triton_strided,float32,4096,127,128,1,8,64,naive_pt,1.1361279487609863,1.1161600351333618,1.1509759426116943,1.8901776427047285,56.2265625,1.430511474609375e-06,ok
flex,float32,4096,127,128,1,8,64,naive_pt,1.4105600118637085,1.3391872644424438,1.4616576433181763,1.522433381024766,56.494140625,1.6689300537109375e-06,ok
flex_tf32,float32,4096,127,128,1,8,64,naive_pt,0.14643199741840363,0.1454080045223236,0.14672639966011047,14.665398859949603,56.494140625,0.0033414363861083984,ok
naive_pt,float16,4096,127,128,1,8,64,self,7.086080074310303,7.081984043121338,7.101439952850342,0.30305664422074957,860.306640625,0.0012853145599365234,ok
naive_pt_compiled,float16,4096,127,128,1,8,64,naive_pt,2.3905282020568848,2.387968063354492,2.3930881023406982,0.8983301875092868,316.244140625,0.0012853145599365234,ok
strided_pt,float16,4096,127,128,1,8,64,naive_pt,14.108672142028809,14.011187553405762,14.111743927001953,0.15221018862595773,1142.40234375,0.001211404800415039,ok
strided_pt_compiled,float16,4096,127,128,1,8,64,naive_pt,1.5697920322418213,1.551360011100769,1.614848017692566,1.3680051904284267,80.525390625,0.001225590705871582,ok
triton_tiled,float16,4096,127,128,1,8,64,naive_pt,0.06348799914121628,0.06348799914121628,0.06451199948787689,33.8250327156059,60.244140625,0.0009349584579467773,ok
triton_strided,float16,4096,127,128,1,8,64,naive_pt,0.6256639957427979,0.6164479851722717,0.6412287950515747,3.4323273555967924,60.244140625,0.0009349584579467773,ok
flex,float16,4096,127,128,1,8,64,naive_pt,0.0727040022611618,0.07175680249929428,0.07372800260782242,29.537351194037047,60.494140625,0.0009349584579467773,ok
naive_pt,float32,4096,255,256,1,8,64,self,13.238271713256836,13.223756790161133,13.28087043762207,0.32443565059168633,1624.306640625,0.0,ok
naive_pt_compiled,float32,4096,255,256,1,8,64,naive_pt,6.337503910064697,6.329343795776367,6.377471923828125,0.6777064530373053,568.244140625,1.7881393432617188e-07,ok
strided_pt,float32,4096,255,256,1,8,64,naive_pt,38.712318420410156,38.70863342285156,38.716007232666016,0.11094575244389342,4364.779296875,9.5367431640625e-07,ok
strided_pt_compiled,float32,4096,255,256,1,8,64,naive_pt,5.579775810241699,5.577727794647217,5.579775810241699,0.7697383267830531,128.619140625,7.450580596923828e-07,ok
triton_tiled,float32,4096,255,256,1,8,64,naive_pt,0.24063999950885773,0.2385919988155365,0.2457599937915802,17.848102164087255,56.244140625,0.002582728862762451,ok
triton_strided,float32,4096,255,256,1,8,64,naive_pt,2.2364161014556885,2.1881918907165527,2.283519983291626,1.9204687773462172,56.244140625,1.0132789611816406e-06,ok
flex,float32,4096,255,256,1,8,64,naive_pt,1.7305599451065063,1.6830463409423828,1.7805311679840088,2.481836765114582,56.51171875,7.748603820800781e-07,ok
flex_tf32,float32,4096,255,256,1,8,64,naive_pt,0.2099200040102005,0.2088959962129593,0.21094399690628052,20.460019121337755,56.51171875,0.0025871992111206055,ok
naive_pt,float16,4096,255,256,1,8,64,self,7.085055828094482,7.083833694458008,7.088742256164551,0.6062009107915705,860.32421875,0.001614987850189209,ok
naive_pt_compiled,float16,4096,255,256,1,8,64,naive_pt,2.3941121101379395,2.391040086746216,2.397183895111084,1.7939708327829897,316.26171875,0.001614987850189209,ok
strided_pt,float16,4096,255,256,1,8,64,naive_pt,28.12006378173828,28.116992950439453,28.121292114257812,0.15273675512746296,2216.546875,0.001614987850189209,ok
strided_pt_compiled,float16,4096,255,256,1,8,64,naive_pt,3.575808048248291,3.53853440284729,3.582566499710083,1.201117967756689,96.57421875,0.001614987850189209,ok
triton_tiled,float16,4096,255,256,1,8,64,naive_pt,0.09728000313043594,0.09625600278377533,0.09830400347709656,44.15056700030302,60.26171875,0.000638425350189209,ok
triton_strided,float16,4096,255,256,1,8,64,naive_pt,1.248255968093872,1.2451839447021484,1.2677119970321655,3.440774493198343,60.26171875,0.000638425350189209,ok
flex,float16,4096,255,256,1,8,64,naive_pt,0.09523200243711472,0.09523200243711472,0.09625600278377533,45.10004185658208,60.51171875,0.000638425350189209,ok
naive_pt,float32,8192,15,16,1,8,64,self,53.50092697143555,53.50092697143555,53.50092697143555,0.01003479644916505,6376.38671875,0.0,ok
naive_pt_compiled,float32,8192,15,16,1,8,64,naive_pt,25.869312286376953,25.790668487548828,25.890201568603516,0.02075319614440318,2152.26171875,4.76837158203125e-07,ok
strided_pt,float32,8192,15,16,1,8,64,naive_pt,5.337088108062744,5.327871799468994,5.383782386779785,0.1005924768581108,672.85595703125,1.3113021850585938e-06,ok
strided_pt_compiled,float32,8192,15,16,1,8,64,naive_pt,0.851967990398407,0.8398848176002502,0.8634368181228638,0.6301538532556162,128.76953125,1.1920928955078125e-06,ok
triton_tiled,float32,8192,15,16,1,8,64,naive_pt,0.15569600462913513,0.15462400019168854,0.15769599378108978,3.4481996713969383,104.26171875,0.003514885902404785,ok
triton_strided,float32,8192,15,16,1,8,64,naive_pt,0.3266560137271881,0.32256001234054565,0.33587199449539185,1.6435359810898083,104.26171875,1.9073486328125e-06,ok
flex,float32,8192,15,16,1,8,64,naive_pt,2.7596800327301025,2.750924825668335,2.765004873275757,0.19454099954801032,104.826171875,9.5367431640625e-07,ok
flex_tf32,float32,8192,15,16,1,8,64,naive_pt,0.27750399708747864,0.27136000990867615,0.2805759906768799,1.9346420867255478,104.826171875,0.003514885902404785,ok
naive_pt,float16,8192,15,16,1,8,64,self,27.684864044189453,27.556453704833984,27.731557846069336,0.019392217752742743,3312.451171875,0.003038644790649414,ok
naive_pt_compiled,float16,8192,15,16,1,8,64,naive_pt,10.049535751342773,9.87566089630127,10.084147453308105,0.05342245903531074,1136.326171875,0.003038644790649414,ok
strided_pt,float16,8192,15,16,1,8,64,naive_pt,3.664896011352539,3.6321280002593994,3.7031936645507812,0.14649008057444624,396.90478515625,0.003038644790649414,ok
strided_pt_compiled,float16,8192,15,16,1,8,64,naive_pt,0.9154559969902039,0.9144319891929626,0.9164800047874451,0.5864519034941065,124.830078125,0.0023741722106933594,ok
triton_tiled,float16,8192,15,16,1,8,64,naive_pt,0.08089599758386612,0.0798719972372055,0.08089599758386612,6.636557160240439,112.326171875,0.0013148784637451172,ok
triton_strided,float16,8192,15,16,1,8,64,naive_pt,0.16179199516773224,0.16076800227165222,0.16281600296497345,3.3182785801202197,112.326171875,0.0013148784637451172,ok
flex,float16,8192,15,16,1,8,64,naive_pt,0.11468800157308578,0.11366400122642517,0.11471360176801682,4.681142792935274,112.826171875,0.0013148784637451172,ok
naive_pt,float32,8192,31,32,1,8,64,self,53.23571014404297,53.23571014404297,53.23571014404297,0.020169578298001735,6376.451171875,0.0,ok
naive_pt_compiled,float32,8192,31,32,1,8,64,naive_pt,25.789440155029297,25.638912200927734,26.076364517211914,0.04163494118311077,2152.326171875,3.5762786865234375e-07,ok
strided_pt,float32,8192,31,32,1,8,64,naive_pt,10.777600288391113,10.552115440368652,11.30270767211914,0.09962717073081293,1209.45166015625,1.3113021850585938e-06,ok
strided_pt_compiled,float32,8192,31,32,1,8,64,naive_pt,1.7623039484024048,1.7596416473388672,1.7842175960540771,0.6092829928534108,136.841796875,1.5497207641601562e-06,ok
triton_tiled,float32,8192,31,32,1,8,64,naive_pt,0.15667200088500977,0.15564799308776855,0.15769599378108978,6.853437869782989,104.326171875,0.003332972526550293,ok
triton_strided,float32,8192,31,32,1,8,64,naive_pt,0.6164479851722717,0.6072319746017456,0.6256639957427979,1.7418206399035165,104.326171875,1.5497207641601562e-06,ok
flex,float32,8192,31,32,1,8,64,naive_pt,2.762239933013916,2.7564032077789307,2.7680768966674805,0.38872141813851274,104.890625,8.344650268554688e-07,ok
flex_tf32,float32,8192,31,32,1,8,64,naive_pt,0.2744320034980774,0.27136000990867615,0.2764799892902374,3.9125969650530297,104.890625,0.003332972526550293,ok
naive_pt,float16,8192,31,32,1,8,64,self,27.675647735595703,27.5662841796875,27.71435546875,0.038797351168008296,3312.515625,0.002671360969543457,ok
naive_pt_compiled,float16,8192,31,32,1,8,64,naive_pt,10.017791748046875,9.60901165008545,10.063462257385254,0.10718348424535204,1136.390625,0.002671360969543457,ok
strided_pt,float16,8192,31,32,1,8,64,naive_pt,7.265279769897461,7.236608028411865,7.266918182373047,0.14779084329950784,665.48486328125,0.002671360969543457,ok
strided_pt_compiled,float16,8192,31,32,1,8,64,naive_pt,1.763327956199646,1.7479679584503174,1.7694720029830933,0.6089291672742185,128.8984375,0.002183079719543457,ok
triton_tiled,float16,8192,31,32,1,8,64,naive_pt,0.0798719972372055,0.0798719972372055,0.08089599758386612,13.4432825162889,112.390625,0.0015391111373901367,ok
triton_strided,float16,8192,31,32,1,8,64,naive_pt,0.31590399146080017,0.3085055947303772,0.32153600454330444,3.3989498487651693,112.390625,0.0015391111373901367,ok
flex,float16,8192,31,32,1,8,64,naive_pt,0.11468800157308578,0.11366400122642517,0.1157120019197464,9.362285585870548,112.890625,0.0015391111373901367,ok
naive_pt,float32,8192,63,64,1,8,64,self,53.46201705932617,53.46201705932617,53.46201705932617,0.040168399288357616,6376.515625,0.0,ok
naive_pt_compiled,float32,8192,63,64,1,8,64,naive_pt,25.877504348754883,25.833267211914062,25.90699577331543,0.08298650515359021,2152.390625,2.384185791015625e-07,ok
strided_pt,float32,8192,63,64,1,8,64,naive_pt,20.98227310180664,20.494951248168945,21.712486267089844,0.10234752152830832,2282.5791015625,1.1324882507324219e-06,ok
strided_pt_compiled,float32,8192,63,64,1,8,64,naive_pt,2.3060479164123535,2.303999900817871,2.32857608795166,0.9312398206109088,152.921875,1.2516975402832031e-06,ok
triton_tiled,float32,8192,63,64,1,8,64,naive_pt,0.1730560064315796,0.17096319794654846,0.1740799993276596,12.409182970768722,104.390625,0.002956986427307129,ok
triton_strided,float32,8192,63,64,1,8,64,naive_pt,1.1821600198745728,1.1632640361785889,1.2093440294265747,1.8165761080533314,104.390625,1.430511474609375e-06,ok
flex,float32,8192,63,64,1,8,64,naive_pt,2.75763201713562,2.7510783672332764,2.7666432857513428,0.7787419186663683,104.955078125,1.0728836059570312e-06,ok
flex_tf32,float32,8192,63,64,1,8,64,naive_pt,0.2744320034980774,0.27136000990867615,0.2754560112953186,7.825193930106059,104.955078125,0.0029567480087280273,ok
naive_pt,float16,8192,63,64,1,8,64,self,27.7524471282959,27.711896896362305,27.789926528930664,0.07737997438829329,3312.580078125,0.0020036697387695312,ok
naive_pt_compiled,float16,8192,63,64,1,8,64,naive_pt,10.070015907287598,9.961471557617188,10.076160430908203,0.21325523889648293,1136.455078125,0.0020036697387695312,ok
strided_pt,float16,8192,63,64,1,8,64,naive_pt,14.19264030456543,14.19257640838623,14.193663597106934,0.15130966486265465,1202.5810546875,0.0020036697387695312,ok
strided_pt_compiled,float16,8192,63,64,1,8,64,naive_pt,1.7274880409240723,1.7135616540908813,1.7350655794143677,1.2431250446464812,136.970703125,0.0017548799514770508,ok
triton_tiled,float16,8192,63,64,1,8,64,naive_pt,0.08191999793052673,0.08089599758386612,0.08284799754619598,26.214400662231462,112.455078125,0.0008981823921203613,ok
triton_strided,float16,8192,63,64,1,8,64,naive_pt,0.6272000074386597,0.6133760213851929,0.6338559985160828,3.423921592044982,112.455078125,0.0008981823921203613,ok
flex,float16,8192,63,64,1,8,64,naive_pt,0.1157120019197464,0.11485440284013748,0.11673600226640701,18.55886694873204,112.955078125,0.0008981823921203613,ok
naive_pt,float32,8192,127,128,1,8,64,self,53.40876770019531,53.40876770019531,53.40876770019531,0.08041689559492109,6376.580078125,0.0,ok
naive_pt_compiled,float32,8192,127,128,1,8,64,naive_pt,25.862144470214844,25.58812141418457,26.166887283325195,0.16607158393019064,2152.455078125,2.384185791015625e-07,ok
strided_pt,float32,8192,127,128,1,8,64,naive_pt,39.05740737915039,39.05310821533203,39.06170654296875,0.10996549909999241,4428.76953125,1.0728836059570312e-06,ok
strided_pt_compiled,float32,8192,127,128,1,8,64,naive_pt,5.612031936645508,5.602367877960205,5.6145920753479,0.7653141223154265,185.017578125,1.1920928955078125e-06,ok
triton_tiled,float32,8192,127,128,1,8,64,naive_pt,0.27750399708747864,0.27566081285476685,0.27955201268196106,15.477136693804383,104.455078125,0.0029207468032836914,ok
triton_strided,float32,8192,127,128,1,8,64,naive_pt,2.2231040000915527,2.185215950012207,2.258944034576416,1.931968677948995,104.455078125,1.4901161193847656e-06,ok
flex,float32,8192,127,128,1,8,64,naive_pt,2.684415817260742,2.626969575881958,2.76495361328125,1.5999634886605283,105.01953125,9.5367431640625e-07,ok
flex_tf32,float32,8192,127,128,1,8,64,naive_pt,0.2734079957008362,0.2734079957008362,0.2744320034980774,15.709003992332269,105.01953125,0.0029219388961791992,ok
naive_pt,float16,8192,127,128,1,8,64,self,27.54560089111328,27.517337799072266,27.701658248901367,0.15592207674023315,3312.64453125,0.0020568370819091797,ok
naive_pt_compiled,float16,8192,127,128,1,8,64,naive_pt,10.018815994262695,9.985433578491211,10.045849800109863,0.42869010654148415,1136.51953125,0.0020568370819091797,ok
strided_pt,float16,8192,127,128,1,8,64,naive_pt,27.889663696289062,27.886592864990234,27.890892028808594,0.1539985330325614,2276.708984375,0.0015953779220581055,ok
strided_pt_compiled,float16,8192,127,128,1,8,64,naive_pt,3.208735942840576,3.2040960788726807,3.2174079418182373,1.338523135748535,153.05078125,0.0020836591720581055,ok
triton_tiled,float16,8192,127,128,1,8,64,naive_pt,0.10956799983978271,0.1085439994931221,0.10963840037584305,39.19910286105773,112.51953125,0.0008354783058166504,ok
triton_strided,float16,8192,127,128,1,8,64,naive_pt,1.2257280349731445,1.21343994140625,1.2434688806533813,3.504013266771778,112.51953125,0.0008354783058166504,ok
flex,float16,8192,127,128,1,8,64,naive_pt,0.11878400295972824,0.11776000261306763,0.11878400295972824,36.15779220250843,113.01953125,0.0008354783058166504,ok
naive_pt,float32,8192,255,256,1,8,64,self,53.56032180786133,53.56032180786133,53.56032180786133,0.16037869643156644,6376.64453125,0.0,ok
naive_pt_compiled,float32,8192,255,256,1,8,64,naive_pt,25.834495544433594,25.798860549926758,25.912525177001953,0.3324986383893539,2152.51953125,1.9371509552001953e-07,ok
strided_pt,float32,8192,255,256,1,8,64,naive_pt,76.8563232421875,76.8563232421875,76.8563232421875,0.11176614011226686,8721.0859375,8.195638656616211e-07,ok
strided_pt_compiled,float32,8192,255,256,1,8,64,naive_pt,12.410880088806152,12.399622917175293,12.436070442199707,0.6921293679847564,249.14453125,9.98377799987793e-07,ok
triton_tiled,float32,8192,255,256,1,8,64,naive_pt,0.4833280146121979,0.4792320132255554,0.48885759711265564,17.77247403896545,104.51953125,0.0021892189979553223,ok
triton_strided,float32,8192,255,256,1,8,64,naive_pt,4.2045440673828125,4.182015895843506,4.229938983917236,2.0430121445598135,104.51953125,9.238719940185547e-07,ok
flex,float32,8192,255,256,1,8,64,naive_pt,3.374591827392578,3.319808006286621,3.442847967147827,2.545473654701856,105.083984375,8.940696716308594e-07,ok
flex_tf32,float32,8192,255,256,1,8,64,naive_pt,0.40857601165771484,0.4044800102710724,0.4116480052471161,21.024079600630667,105.083984375,0.0021875500679016113,ok
naive_pt,float16,8192,255,256,1,8,64,self,27.504640579223633,27.485536575317383,27.58451271057129,0.3123085563418937,3312.708984375,0.0011674761772155762,ok
naive_pt_compiled,float16,8192,255,256,1,8,64,naive_pt,10.028032302856445,9.906790733337402,10.067968368530273,0.8565922339074626,1136.583984375,0.0011674761772155762,ok
strided_pt,float16,8192,255,256,1,8,64,naive_pt,71.21202850341797,71.21202850341797,71.21202850341797,0.12062477045697004,4440.900390625,0.0011373162269592285,ok
strided_pt_compiled,float16,8192,255,256,1,8,64,naive_pt,7.266304016113281,7.265689373016357,7.267327785491943,1.1821600875701763,185.146484375,0.0011674761772155762,ok
triton_tiled,float16,8192,255,256,1,8,64,naive_pt,0.1740799993276596,0.1720896065235138,0.17510400712490082,49.34475313175822,112.583984375,0.0005638599395751953,ok
triton_strided,float16,8192,255,256,1,8,64,naive_pt,2.4238080978393555,2.398207902908325,2.4535040855407715,3.5439829579153925,112.583984375,0.0005638599395751953,ok
flex,float16,8192,255,256,1,8,64,naive_pt,0.1658879965543747,0.16486400365829468,0.16704000532627106,51.78153193974101,113.083984375,0.0005638599395751953,ok
naive_pt,float32,16384,15,16,1,8,64,strided_pt,nan,nan,nan,nan,nan,nan,skipped:budget(24.0GiB)
naive_pt_compiled,float32,16384,15,16,1,8,64,strided_pt,nan,nan,nan,nan,nan,nan,skipped:budget(24.0GiB)
strided_pt,float32,16384,15,16,1,8,64,self,10.090496063232422,10.081074714660645,10.094407081604004,0.10641120290532417,1337.74072265625,0.0,ok
strided_pt_compiled,float32,16384,15,16,1,8,64,strided_pt,1.7510720491409302,1.7358847856521606,1.7549312114715576,0.6131911159947838,249.591796875,9.5367431640625e-07,ok
triton_tiled,float32,16384,15,16,1,8,64,strided_pt,0.31436800956726074,0.30897921323776245,0.31784960627555847,3.415556899310606,200.583984375,0.003650665283203125,ok
triton_strided,float32,16384,15,16,1,8,64,strided_pt,0.6809599995613098,0.6737920045852661,0.6920192241668701,1.576806016053409,200.583984375,1.0728836059570312e-06,ok
flex,float32,16384,15,16,1,8,64,strided_pt,5.067776203155518,5.0475006103515625,5.079859256744385,0.21187633016063742,201.8359375,1.817941665649414e-06,ok
flex_tf32,float32,16384,15,16,1,8,64,strided_pt,0.5560320019721985,0.5375999808311462,0.5601279735565186,1.93107918283755,201.8359375,0.003650665283203125,ok
naive_pt,float16,16384,15,16,1,8,64,strided_pt,nan,nan,nan,nan,nan,nan,skipped:budget(24.0GiB)
naive_pt_compiled,float16,16384,15,16,1,8,64,strided_pt,nan,nan,nan,nan,nan,nan,skipped:budget(24.0GiB)
strided_pt,float16,16384,15,16,1,8,64,self,7.2867841720581055,7.285759925842285,7.290470600128174,0.14735469016872615,785.97705078125,0.0028138160705566406,ok
strided_pt_compiled,float16,16384,15,16,1,8,64,strided_pt,1.87391996383667,1.8724863529205322,1.8903039693832397,0.5729923607845115,241.83984375,0.0023020505905151367,ok
triton_tiled,float16,16384,15,16,1,8,64,strided_pt,0.15052799880504608,0.14950400590896606,0.1515520066022873,7.133170124653284,216.8359375,0.0014946460723876953,ok
triton_strided,float16,16384,15,16,1,8,64,strided_pt,0.317440003156662,0.3123199939727783,0.32153600454330444,3.3825031921704283,216.8359375,0.0014946460723876953,ok
flex,float16,16384,15,16,1,8,64,strided_pt,0.2088959962129593,0.20582400262355804,0.21045759320259094,5.1400785245561735,217.8359375,0.0014946460723876953,ok
naive_pt,float32,16384,31,32,1,8,64,strided_pt,nan,nan,nan,nan,nan,nan,skipped:budget(24.0GiB)
naive_pt_compiled,float32,16384,31,32,1,8,64,strided_pt,nan,nan,nan,nan,nan,nan,skipped:budget(24.0GiB)
strided_pt,float32,16384,31,32,1,8,64,self,19.78316879272461,19.781017303466797,19.784090042114258,0.10855104510808963,2411.02392578125,0.0,ok
strided_pt_compiled,float32,16384,31,32,1,8,64,strided_pt,3.570688009262085,3.5686399936676025,3.5768320560455322,0.6014201303585179,265.8515625,8.344650268554688e-07,ok
triton_tiled,float32,16384,31,32,1,8,64,strided_pt,0.31334400177001953,0.3112959861755371,0.31866881251335144,6.853437869782989,200.8359375,0.0037381649017333984,ok
triton_strided,float32,16384,31,32,1,8,64,strided_pt,1.321984052658081,1.269760012626648,1.3434879779815674,1.6244399043105755,200.8359375,1.0132789611816406e-06,ok
flex,float32,16384,31,32,1,8,64,strided_pt,5.071872234344482,5.060812950134277,5.090508937835693,0.4234104387445306,202.087890625,1.3113021850585938e-06,ok
flex_tf32,float32,16384,31,32,1,8,64,strided_pt,0.5560320019721985,0.5497599840164185,0.5601279735565186,3.8621583656751,202.087890625,0.0037381649017333984,ok
naive_pt,float16,16384,31,32,1,8,64,strided_pt,nan,nan,nan,nan,nan,nan,skipped:budget(24.0GiB)
naive_pt_compiled,float16,16384,31,32,1,8,64,strided_pt,nan,nan,nan,nan,nan,nan,skipped:budget(24.0GiB)
strided_pt,float16,16384,31,32,1,8,64,self,14.184959411621094,14.181376457214355,14.186495780944824,0.15139159624529233,1323.24462890625,0.00240480899810791,ok
strided_pt_compiled,float16,16384,31,32,1,8,64,strided_pt,3.5635199546813965,3.5610623359680176,3.5768320560455322,0.6026298927213387,250.095703125,0.002153158187866211,ok
triton_tiled,float16,16384,31,32,1,8,64,strided_pt,0.1515520066022873,0.15052799880504608,0.1525759994983673,14.169945328639345,217.087890625,0.0013642311096191406,ok
triton_strided,float16,16384,31,32,1,8,64,strided_pt,0.634880006313324,0.6254591941833496,0.6455296277999878,3.3825031921704283,217.087890625,0.0013642311096191406,ok
flex,float16,16384,31,32,1,8,64,strided_pt,0.2088959962129593,0.2027519941329956,0.21094399690628052,10.280157049112347,218.087890625,0.0013642311096191406,ok
naive_pt,float32,16384,63,64,1,8,64,strided_pt,nan,nan,nan,nan,nan,nan,skipped:budget(24.0GiB)
naive_pt_compiled,float32,16384,63,64,1,8,64,strided_pt,nan,nan,nan,nan,nan,nan,skipped:budget(24.0GiB)
strided_pt,float32,16384,63,64,1,8,64,self,39.047203063964844,39.04288101196289,39.05152130126953,0.1099942366925548,4557.3388671875,0.0,ok
strided_pt_compiled,float32,16384,63,64,1,8,64,strided_pt,4.634624004364014,4.631756782531738,4.645273685455322,0.9267132116771093,298.119140625,5.960464477539062e-07,ok
triton_tiled,float32,16384,63,64,1,8,64,strided_pt,0.35020801424980164,0.3389439880847931,0.35737600922584534,12.264046284607355,201.087890625,0.0034949779510498047,ok
triton_strided,float32,16384,63,64,1,8,64,strided_pt,2.4494080543518066,2.37424635887146,2.588671922683716,1.75347153299722,201.087890625,1.3113021850585938e-06,ok
flex,float32,16384,63,64,1,8,64,strided_pt,5.076992034912109,5.058764934539795,5.080883026123047,0.8459669163287061,202.33984375,1.430511474609375e-06,ok
flex_tf32,float32,16384,63,64,1,8,64,strided_pt,0.5601279735565186,0.549888014793396,0.5611519813537598,7.6678321718681755,202.33984375,0.0034949779510498047,ok
naive_pt,float16,16384,63,64,1,8,64,strided_pt,nan,nan,nan,nan,nan,nan,skipped:budget(24.0GiB)
naive_pt_compiled,float16,16384,63,64,1,8,64,strided_pt,nan,nan,nan,nan,nan,nan,skipped:budget(24.0GiB)
strided_pt,float16,16384,63,64,1,8,64,self,28.055551528930664,28.051250457763672,28.232498168945312,0.15308796519544673,2397.5283203125,0.0021299123764038086,ok
strided_pt_compiled,float16,16384,63,64,1,8,64,strided_pt,3.492863893508911,3.482624053955078,3.4959359169006348,1.2296406121010632,266.35546875,0.0021299123764038086,ok
triton_tiled,float16,16384,63,64,1,8,64,strided_pt,0.1515520066022873,0.14950400590896606,0.15480320155620575,28.33989065727869,217.33984375,0.0011985301971435547,ok
triton_strided,float16,16384,63,64,1,8,64,strided_pt,1.2492799758911133,1.2468031644821167,1.252351999282837,3.4379541647070693,217.33984375,0.0011985301971435547,ok
flex,float16,16384,63,64,1,8,64,strided_pt,0.21196800470352173,0.2088959962129593,0.21299199759960175,20.26233771463454,218.33984375,0.0011985301971435547,ok
naive_pt,float32,16384,127,128,1,8,64,strided_pt,nan,nan,nan,nan,nan,nan,skipped:budget(24.0GiB)
naive_pt_compiled,float32,16384,127,128,1,8,64,strided_pt,nan,nan,nan,nan,nan,nan,skipped:budget(24.0GiB)
strided_pt,float32,16384,127,128,1,8,64,self,77.36422729492188,77.36422729492188,77.36422729492188,0.11103238398871512,8849.716796875,0.0,ok
strided_pt_compiled,float32,16384,127,128,1,8,64,strided_pt,12.54092788696289,12.512255668640137,12.608306884765625,0.6849520760684539,362.46484375,5.960464477539062e-07,ok
triton_tiled,float32,16384,127,128,1,8,64,strided_pt,0.5877760052680969,0.5816320180892944,0.5898240208625793,14.614299520583442,201.33984375,0.00302964448928833,ok
triton_strided,float32,16384,127,128,1,8,64,strided_pt,4.521984100341797,4.41383695602417,4.62213134765625,1.899594160746988,201.33984375,9.5367431640625e-07,ok
flex,float32,16384,127,128,1,8,64,strided_pt,4.87116813659668,4.80460786819458,4.935065746307373,1.7634239572772161,202.591796875,1.3113021850585938e-06,ok
flex_tf32,float32,16384,127,128,1,8,64,strided_pt,0.5570560097694397,0.5468159914016724,0.5580800175666809,15.420235023683334,202.591796875,0.003465116024017334,ok
naive_pt,float16,16384,127,128,1,8,64,strided_pt,nan,nan,nan,nan,nan,nan,skipped:budget(24.0GiB)
naive_pt_compiled,float16,16384,127,128,1,8,64,strided_pt,nan,nan,nan,nan,nan,nan,skipped:budget(24.0GiB)
strided_pt,float16,16384,127,128,1,8,64,self,69.99961853027344,69.99961853027344,69.99961853027344,0.12271402005262393,4577.875,0.001687765121459961,ok
strided_pt_compiled,float16,16384,127,128,1,8,64,strided_pt,6.6611199378967285,6.659071922302246,6.667263984680176,1.289563117326529,298.623046875,0.001828014850616455,ok
triton_tiled,float16,16384,127,128,1,8,64,strided_pt,0.2017280012369156,0.20049919188022614,0.2041856050491333,42.58176623636753,217.591796875,0.0008480548858642578,ok
triton_strided,float16,16384,127,128,1,8,64,strided_pt,2.427903890609741,2.422579288482666,2.430975914001465,3.5380043770360006,217.591796875,0.0008480548858642578,ok
flex,float16,16384,127,128,1,8,64,strided_pt,0.2170879989862442,0.21503999829292297,0.21913599967956543,39.56890584515591,218.591796875,0.0008480548858642578,ok
naive_pt,float32,16384,255,256,1,8,64,none,nan,nan,nan,nan,nan,nan,skipped:budget(24.0GiB)
naive_pt_compiled,float32,16384,255,256,1,8,64,none,nan,nan,nan,nan,nan,nan,skipped:budget(24.0GiB)
strided_pt,float32,16384,255,256,1,8,64,none,nan,nan,nan,nan,nan,nan,oom
strided_pt_compiled,float32,16384,255,256,1,8,64,none,25.029632568359375,25.024717330932617,25.030189514160156,0.6863811978493655,458.716796875,nan,ok
triton_tiled,float32,16384,255,256,1,8,64,none,0.9768959879875183,0.9666560292243958,0.9871360063552856,17.586180509750957,169.591796875,nan,ok
triton_strided,float32,16384,255,256,1,8,64,none,8.40499210357666,8.319999694824219,8.542207717895508,2.0440077720821748,169.591796875,nan,ok
flex,float32,16384,255,256,1,8,64,none,6.772223949432373,6.6889729499816895,6.8247551918029785,2.536813506505491,170.84375,nan,ok
flex_tf32,float32,16384,255,256,1,8,64,none,0.8366079926490784,0.8202431797981262,0.8376320004463196,20.535148283248862,170.84375,nan,ok
naive_pt,float16,16384,255,256,1,8,64,none,nan,nan,nan,nan,nan,nan,skipped:budget(24.0GiB)
naive_pt_compiled,float16,16384,255,256,1,8,64,none,nan,nan,nan,nan,nan,nan,skipped:budget(24.0GiB)
strided_pt,float16,16384,255,256,1,8,64,none,142.9698486328125,142.9698486328125,142.9698486328125,0.12016428182786164,8842.22265625,nan,ok
strided_pt_compiled,float16,16384,255,256,1,8,64,none,14.836735725402832,14.835712432861328,14.837759971618652,1.1579278287329304,330.90625,nan,ok
triton_tiled,float16,16384,255,256,1,8,64,none,0.3696640133857727,0.3461120128631592,0.38807040452957153,46.47428086561266,185.84375,nan,ok
triton_strided,float16,16384,255,256,1,8,64,none,4.792223930358887,4.739891052246094,4.795392036437988,3.5849470796147473,185.84375,nan,ok
flex,float16,16384,255,256,1,8,64,none,0.31436800956726074,0.3092480003833771,0.319487988948822,54.648910388969696,186.84375,nan,ok
